{
  "class_names": [
    "0",
    "1",
    "2",
    "3",
    "4",
    "5",
    "6",
    "7",
    "8",
    "9",
    "+",
    "-",
    "*",
    "/",
    "(",
    ")"
  ],
  "dataset_dir": "model\\artifacts\\dataset",
  "model_path": "model\\artifacts\\models\\best_expression_model.keras",
  "candidate_model_path": "artifacts\\models\\best_expression_model.retrain_candidate.keras",
  "epochs_requested": 2,
  "epochs_ran": 2,
  "learning_rate": 8e-06,
  "train_samples": 389135,
  "val_samples": 68309,
  "promoted_candidate": false,
  "baseline_metrics": {
    "accuracy": 0.9936611573877527,
    "macro_f1": 0.9907040327444812,
    "macro_recall": 0.9903608661120598,
    "target_macro_f1": 0.9623326634555063,
    "target_macro_recall": 0.9565532223026791,
    "boundary_macro_f1": 0.9873724291346458,
    "boundary_macro_recall": 0.9898296438367393,
    "priority_score": 0.9739226725463704,
    "per_class": {
      "0": {
        "precision": 0.9981924081140792,
        "recall": 0.9979919678714859,
        "f1": 0.998092177929511,
        "support": 4980
      },
      "1": {
        "precision": 0.9982238010657194,
        "recall": 0.9850048685491724,
        "f1": 0.9915702803371887,
        "support": 5135
      },
      "2": {
        "precision": 0.9980067769583416,
        "recall": 0.9950317965023847,
        "f1": 0.9965170663747637,
        "support": 5032
      },
      "3": {
        "precision": 0.9968051118210862,
        "recall": 0.9964071856287425,
        "f1": 0.9966061090037932,
        "support": 5010
      },
      "4": {
        "precision": 0.9934026389444223,
        "recall": 0.9973906061822562,
        "f1": 0.9953926282051282,
        "support": 4982
      },
      "5": {
        "precision": 0.9985652797704447,
        "recall": 0.9959116925592805,
        "f1": 0.9972367209088118,
        "support": 4892
      },
      "6": {
        "precision": 0.9985847149211484,
        "recall": 0.9961678096006454,
        "f1": 0.9973747980613893,
        "support": 4958
      },
      "7": {
        "precision": 0.989946777054997,
        "recall": 0.9988066825775657,
        "f1": 0.9943569943569943,
        "support": 5028
      },
      "8": {
        "precision": 0.9967813317239992,
        "recall": 0.9961801367108967,
        "f1": 0.9964806435394671,
        "support": 4974
      },
      "9": {
        "precision": 0.9969909729187563,
        "recall": 0.9922140147734079,
        "f1": 0.9945967580548329,
        "support": 5009
      },
      "+": {
        "precision": 0.9995019920318725,
        "recall": 0.9998339422118897,
        "f1": 0.9996679395650009,
        "support": 6022
      },
      "-": {
        "precision": 0.9990791896869244,
        "recall": 0.9972426470588235,
        "f1": 0.9981600735970562,
        "support": 2176
      },
      "*": {
        "precision": 0.999000999000999,
        "recall": 1.0,
        "f1": 0.9995002498750625,
        "support": 1000
      },
      "/": {
        "precision": 0.937546468401487,
        "recall": 0.9131064446053584,
        "f1": 0.9251650770359501,
        "support": 1381
      },
      "(": {
        "precision": 0.9901986071704927,
        "recall": 0.9948173101839854,
        "f1": 0.9925025853154085,
        "support": 3859
      },
      ")": {
        "precision": 0.9666919000757003,
        "recall": 0.9896667527770602,
        "f1": 0.9780444217513403,
        "support": 3871
      }
    }
  },
  "final_metrics": {
    "accuracy": 0.9936611573877527,
    "macro_f1": 0.9907040327444812,
    "macro_recall": 0.9903608661120598,
    "target_macro_f1": 0.9623326634555063,
    "target_macro_recall": 0.9565532223026791,
    "boundary_macro_f1": 0.9873724291346458,
    "boundary_macro_recall": 0.9898296438367393,
    "priority_score": 0.9739226725463704,
    "per_class": {
      "0": {
        "precision": 0.9981924081140792,
        "recall": 0.9979919678714859,
        "f1": 0.998092177929511,
        "support": 4980
      },
      "1": {
        "precision": 0.9982238010657194,
        "recall": 0.9850048685491724,
        "f1": 0.9915702803371887,
        "support": 5135
      },
      "2": {
        "precision": 0.9980067769583416,
        "recall": 0.9950317965023847,
        "f1": 0.9965170663747637,
        "support": 5032
      },
      "3": {
        "precision": 0.9968051118210862,
        "recall": 0.9964071856287425,
        "f1": 0.9966061090037932,
        "support": 5010
      },
      "4": {
        "precision": 0.9934026389444223,
        "recall": 0.9973906061822562,
        "f1": 0.9953926282051282,
        "support": 4982
      },
      "5": {
        "precision": 0.9985652797704447,
        "recall": 0.9959116925592805,
        "f1": 0.9972367209088118,
        "support": 4892
      },
      "6": {
        "precision": 0.9985847149211484,
        "recall": 0.9961678096006454,
        "f1": 0.9973747980613893,
        "support": 4958
      },
      "7": {
        "precision": 0.989946777054997,
        "recall": 0.9988066825775657,
        "f1": 0.9943569943569943,
        "support": 5028
      },
      "8": {
        "precision": 0.9967813317239992,
        "recall": 0.9961801367108967,
        "f1": 0.9964806435394671,
        "support": 4974
      },
      "9": {
        "precision": 0.9969909729187563,
        "recall": 0.9922140147734079,
        "f1": 0.9945967580548329,
        "support": 5009
      },
      "+": {
        "precision": 0.9995019920318725,
        "recall": 0.9998339422118897,
        "f1": 0.9996679395650009,
        "support": 6022
      },
      "-": {
        "precision": 0.9990791896869244,
        "recall": 0.9972426470588235,
        "f1": 0.9981600735970562,
        "support": 2176
      },
      "*": {
        "precision": 0.999000999000999,
        "recall": 1.0,
        "f1": 0.9995002498750625,
        "support": 1000
      },
      "/": {
        "precision": 0.937546468401487,
        "recall": 0.9131064446053584,
        "f1": 0.9251650770359501,
        "support": 1381
      },
      "(": {
        "precision": 0.9901986071704927,
        "recall": 0.9948173101839854,
        "f1": 0.9925025853154085,
        "support": 3859
      },
      ")": {
        "precision": 0.9666919000757003,
        "recall": 0.9896667527770602,
        "f1": 0.9780444217513403,
        "support": 3871
      }
    }
  },
  "best_val_accuracy": 0.9936611573877527,
  "saved_at": "2026-04-06T04:53:16.593709+00:00"
}